station,degree_centrality,in_degree_weight,out_degree_weight,betweenness,total_flow
E 2 St & Ave A,1.0751445086705202,549,365,0.013160208040700928,914
Lenox Ave & W 111 St,0.630057803468208,305,100,0.012771029180811235,405
2 Ave & E 31 St,1.092485549132948,551,400,0.012455308177778568,951
E 61 St & Madison Ave,1.0,335,215,0.011972756989849802,550
Queens Plaza North & Crescent St,0.7398843930635838,224,131,0.011015710186369635,355
S 4 St & Wythe Ave,0.9479768786127167,612,415,0.01077821041144028,1027
Lafayette St & Jersey St,1.0,649,146,0.01023911388407815,795
N 5 St & Wythe Ave,0.6127167630057803,324,257,0.009973576885245507,581
Allen St & Rivington St,1.023121387283237,354,333,0.009918316046517687,687
Stanton St & Chrystie St,1.092485549132948,482,250,0.009559925110496949,732
E 85 St & York Ave,0.6589595375722543,395,60,0.00952828826574199,455
W 21 St & 6 Ave,0.8554913294797687,115,915,0.009502180946559888,1030
Lexington Ave & E 24 St,1.0809248554913293,690,260,0.009472873833852988,950
Nevins St & Schermerhorn St,0.49710982658959535,153,72,0.009433128675841007,225
E 14 St & Ave B,0.9710982658959537,463,286,0.009040674563306973,749
9 Ave & W 33 St,0.9017341040462428,96,799,0.009027469624675799,895
West End Ave & W 60 St,1.046242774566474,674,430,0.008964714531728266,1104
Clinton St & Grand St,0.8728323699421965,260,349,0.008858358266339782,609
Allen St & Stanton St,1.1040462427745663,506,293,0.008820470272551572,799
Central Park W & W 103 St,0.6127167630057803,342,95,0.008645465304428281,437
