station,community_id
1 Ave & E 62 St,0
1 Ave & E 68 St,0
11 Ave & W 59 St,0
28 St & 41 Ave,0
5 Ave & E 63 St,0
5 Ave & E 72 St,0
7 Ave & Central Park South,0
8 Ave & W 49 St,0
Adam Clayton Powell Blvd & W 126 St,0
Amsterdam Ave & W 79 St,0
Amsterdam Ave & W 82 St,0
Broadway & 74 St,0
Broadway & W 48 St,0
Broadway & W 58 St,0
Broadway & W 61 St,0
Central Park S & 6 Ave,0
Central Park W & W 103 St,0
Columbus Ave & W 59 St,0
Columbus Ave & W 72 St,0
Columbus Ave & W 95 St,0
E 58 St & Madison Ave,0
E 61 St & Madison Ave,0
E 68 St & 3 Ave,0
E 72 St & York Ave,0
E 85 St & 3 Ave,0
E 85 St & York Ave,0
E 89 St & York Ave,0
Frederick Douglass Blvd & W 115 St,0
Hudson Blvd W & W 36 St,0
Lenox Ave & W 111 St,0
Queens Plaza North & Crescent St,0
Riverside Blvd & W 67 St,0
W 36 St & 7 Ave,0
W 39 St & 9 Ave,0
W 42 St & 8 Ave,0
W 43 St & 10 Ave,0
W 44 St & 11 Ave,0
W 45 St & 8 Ave,0
W 47 St & 9 Ave,0
W 50 St & 10 Ave,0
W 54 St & 11 Ave,0
W 54 St & 9 Ave,0
W 67 St & Broadway,0
W 70 St & Amsterdam Ave,0
W 82 St & Central Park W,0
W 87 St & West End Ave,0
West End Ave & W 60 St,0
10 Ave & W 14 St,1
10 Ave & W 28 St,1
11 Ave & W 27 St,1
11 Ave & W 41 St,1
12 Ave & W 40 St,1
8 Ave & W 16 St,1
8 Ave & W 24 St,1
8 Ave & W 31 St,1
8 Ave & W 33 St,1
9 Ave & W 22 St,1
Carmine St & 6 Ave,1
Greenwich Ave & 8 Ave,1
Greenwich Ave & Charles St,1
Greenwich St & W Houston St,1
Murray St & West St (NW Corner),1
Perry St & Bleecker St,1
Pier 40 - Hudson River Park,1
Pier 61 at Chelsea Piers,1
River Ter & Warren St,1
South St & Whitehall St,1
Thompson St & Bleecker St,1
University Pl & E 14 St,1
University Pl & E 8 St,1
Vesey Pl & River Terrace,1
W 15 St & 6 Ave,1
W 16 St & The High Line,1
W 20 St & 10 Ave,1
W 20 St & 8 Ave,1
W 22 St & 10 Ave,1
W 24 St & 7 Ave,1
W 25 St & 9 Ave,1
W 30 St & 10 Ave,1
W 34 St & 11 Ave,1
W 34 St & Hudson Blvd E,1
W 37 St & 10 Ave,1
W 4 St & 7 Ave S,1
Washington St & Gansevoort St,1
Washington St & Laight St,1
West St & Liberty St,1
1 Ave & E 16 St,2
1 Ave & E 38 St,2
2 Ave & E 29 St,2
2 Ave & E 31 St,2
6 Ave & W 33 St,2
6 Ave & W 34 St,2
8 Ave & W 38 St,2
9 Ave & W 33 St,2
Broadway & E 19 St,2
Broadway & E 21 St,2
Broadway & W 25 St,2
Broadway & W 29 St,2
E 13 St & 2 Ave,2
E 20 St & 2 Ave,2
E 20 St & Park Ave,2
E 24 St & Park Ave S,2
E 31 St & 3 Ave,2
E 33 St & 1 Ave,2
E 39 St & Lexington Ave,2
E 40 St & 5 Ave,2
E 40 St & Park Ave,2
E 48 St & 3 Ave,2
E 51 St & 2 Ave,2
FDR Drive & E 35 St,2
Gramercy Park N & Gramercy Park E,2
Lexington Ave & E 24 St,2
Madison Ave & E 26 St,2
Park Ave & E 42 St,2
W 21 St & 6 Ave,2
W 31 St & 7 Ave,2
W 35 St & 8 Ave,2
W 41 St & 8 Ave,2
W 55 St & 6 Ave,2
1 Ave & E 18 St,3
1 Ave & E 6 St,3
7 Ave S & Bleecker St,3
Allen St & Hester St,3
Allen St & Rivington St,3
Allen St & Stanton St,3
Ave A & E 14 St,3
Bleecker St & Crosby St,3
Broadway & E 14 St,3
Canal St & Rutgers St,3
Cleveland Pl & Spring St,3
Clinton St & Grand St,3
Cooper Square & Astor Pl,3
E 1 St & 1 Ave,3
E 10 St & Ave A,3
E 11 St & 1 Ave,3
E 14 St & Ave B,3
E 17 St & Broadway,3
E 2 St & Ave A,3
E 2 St & Ave B,3
E 5 St & Ave A,3
E 7 St & Ave B,3
Grand St & Elizabeth St,3
Kenmare St & Elizabeth St,3
Lafayette St & Jersey St,3
Market St & Henry St,3
Stanton St & Chrystie St,3
Sullivan St & Washington Sq,3
3 Ave & Schermerhorn St,4
5 Ave & 3 St,4
Arion Pl & Broadway,4
Bedford Ave & Bergen St,4
Broadway & Berry St,4
Broadway & Kent Ave,4
Carlton Ave & Dean St,4
Driggs Ave & N 9 St,4
Franklin Ave & Quincy St,4
Franklin St & Dupont St,4
Fulton St & Waverly Ave,4
Hanson Pl & Ashland Pl,4
Jackson Ave & 50 Ave,4
Kent Ave & N 3 St,4
Lafayette Ave & Franklin Ave,4
Lafayette Ave & Ft Greene Pl,4
Metropolitan Ave & Bedford Ave,4
N 5 St & Wythe Ave,4
N 6 St & Bedford Ave,4
N 7 St & Driggs Ave,4
Nevins St & Schermerhorn St,4
Norfolk St & Broome St,4
Park Pl & Franklin Ave,4
Plaza St East & Flatbush Ave,4
S 2 St & Kent Ave,4
S 4 St & Wythe Ave,4
West Drive & Prospect Park West,4
