,station,pagerank,pagerank_pct
1,6 Ave & W 33 St,0.019217930404848833,6.77
2,Park Ave & E 42 St,0.01919327024732952,6.76
3,8 Ave & W 16 St,0.017136330610685497,6.03
4,W 25 St & 9 Ave,0.016853324017928623,5.94
5,W 37 St & 10 Ave,0.01649173752839186,5.81
6,8 Ave & W 33 St,0.015578967837178326,5.49
7,E 40 St & 5 Ave,0.015370270317586452,5.41
8,Pier 61 at Chelsea Piers,0.014916514059423224,5.25
9,E 58 St & Madison Ave,0.01457970383674317,5.13
10,FDR Drive & E 35 St,0.013671049890135865,4.81
11,Greenwich Ave & Charles St,0.01357963108602545,4.78
12,11 Ave & W 59 St,0.012745494035555978,4.49
13,E 39 St & Lexington Ave,0.012622296856939004,4.45
14,8 Ave & W 49 St,0.012418132489144437,4.37
15,W 70 St & Amsterdam Ave,0.012070191508029987,4.25
16,8 Ave & W 24 St,0.011745850687842575,4.14
17,Allen St & Hester St,0.011545425850885794,4.07
18,1 Ave & E 16 St,0.011505702108334804,4.05
19,W 20 St & 10 Ave,0.011399558246149154,4.01
20,E 20 St & 2 Ave,0.011319634784163644,3.99
